label,source,target
abcd-bcad,1ab,1ac
abcd-bcda,1ab,1ac
abcd-bcda,1ab,1ad
abcd-bdac,1ab,1ad
abcd-bdca,1ab,1ac
abcd-bdca,1ab,1ad
abcd-cbda,1ab,1ad
abcd-dbca,1ab,1ac
abdc-bcad,1ab,1ac
abdc-bcda,1ab,1ac
abdc-bcda,1ab,1ad
abdc-bdac,1ab,1ad
abdc-bdca,1ab,1ac
abdc-bdca,1ab,1ad
abdc-cbda,1ab,1ad
abdc-dbca,1ab,1ac
acbd-bcda,1ab,1ad
acbd-bdac,1ab,1ad
acbd-bdca,1ab,1ad
acbd-cbda,1ab,1ad
adbc-bcad,1ab,1ac
adbc-bcda,1ab,1ac
adbc-bdca,1ab,1ac
adbc-dbca,1ab,1ac
bcad-abcd,2ab,2ac
bcad-abdc,2ab,2ac
bcad-adbc,2ab,2ac
bcad-cabd,2ab,2cb
bcad-cadb,2ab,2cb
bcad-cdab,2ab,2cb
bcad-dabc,2ab,2ac
bcad-dcab,2ab,2cb
bcda-abcd,2ab,2ac
bcda-abcd,2ab,2ad
bcda-abdc,2ab,2ac
bcda-abdc,2ab,2ad
bcda-acbd,2ab,2ad
bcda-adbc,2ab,2ac
bcda-cabd,2ab,2ad
bcda-cabd,2ab,2cb
bcda-cadb,2ab,2cb
bcda-cdab,2ab,2cb
bcda-cdab,2ab,2db
bcda-dabc,2ab,2ac
bcda-dabc,2ab,2db
bcda-dacb,2ab,2db
bcda-dcab,2ab,2cb
bcda-dcab,2ab,2db
bdac-abcd,2ab,2ad
bdac-abdc,2ab,2ad
bdac-acbd,2ab,2ad
bdac-cabd,2ab,2ad
bdac-cdab,2ab,2db
bdac-dabc,2ab,2db
bdac-dacb,2ab,2db
bdac-dcab,2ab,2db
bdca-abcd,2ab,2ac
bdca-abcd,2ab,2ad
bdca-abdc,2ab,2ac
bdca-abdc,2ab,2ad
bdca-acbd,2ab,2ad
bdca-adbc,2ab,2ac
bdca-cabd,2ab,2ad
bdca-cabd,2ab,2cb
bdca-cadb,2ab,2cb
bdca-cdab,2ab,2cb
bdca-cdab,2ab,2db
bdca-dabc,2ab,2ac
bdca-dabc,2ab,2db
bdca-dacb,2ab,2db
bdca-dcab,2ab,2cb
bdca-dcab,2ab,2db
cabd-bcad,1ab,1cb
cabd-bcda,1ab,1ad
cabd-bcda,1ab,1cb
cabd-bdac,1ab,1ad
cabd-bdca,1ab,1ad
cabd-bdca,1ab,1cb
cabd-cbda,1ab,1ad
cabd-dbca,1ab,1cb
cadb-bcad,1ab,1cb
cadb-bcda,1ab,1cb
cadb-bdca,1ab,1cb
cadb-dbca,1ab,1cb
cbda-abcd,2ab,2ad
cbda-abdc,2ab,2ad
cbda-acbd,2ab,2ad
cbda-cabd,2ab,2ad
cbda-cdab,2ab,2db
cbda-dabc,2ab,2db
cbda-dacb,2ab,2db
cbda-dcab,2ab,2db
cdab-bcad,1ab,1cb
cdab-bcda,1ab,1cb
cdab-bcda,1ab,1db
cdab-bdac,1ab,1db
cdab-bdca,1ab,1cb
cdab-bdca,1ab,1db
cdab-cbda,1ab,1db
cdab-dbca,1ab,1cb
dabc-bcad,1ab,1ac
dabc-bcda,1ab,1ac
dabc-bcda,1ab,1db
dabc-bdac,1ab,1db
dabc-bdca,1ab,1ac
dabc-bdca,1ab,1db
dabc-cbda,1ab,1db
dabc-dbca,1ab,1ac
dacb-bcda,1ab,1db
dacb-bdac,1ab,1db
dacb-bdca,1ab,1db
dacb-cbda,1ab,1db
dbca-abcd,2ab,2ac
dbca-abdc,2ab,2ac
dbca-adbc,2ab,2ac
dbca-cabd,2ab,2cb
dbca-cadb,2ab,2cb
dbca-cdab,2ab,2cb
dbca-dabc,2ab,2ac
dbca-dcab,2ab,2cb
dcab-bcad,1ab,1cb
dcab-bcda,1ab,1cb
dcab-bcda,1ab,1db
dcab-bdac,1ab,1db
dcab-bdca,1ab,1cb
dcab-bdca,1ab,1db
dcab-cbda,1ab,1db
dcab-dbca,1ab,1cb
abcd-bcda,1ac,1ad
abcd-cbda,1ac,1ad
abcd-cdab,1ac,1ad
abcd-cdba,1ac,1ad
acbd-bcda,1ac,1ad
acbd-cbad,1ac,1ab
acbd-cbda,1ac,1ab
acbd-cbda,1ac,1ad
acbd-cdab,1ac,1ad
acbd-cdba,1ac,1ab
acbd-cdba,1ac,1ad
acbd-dcba,1ac,1ab
acdb-bcda,1ac,1ad
acdb-cbad,1ac,1ab
acdb-cbda,1ac,1ab
acdb-cbda,1ac,1ad
acdb-cdab,1ac,1ad
acdb-cdba,1ac,1ab
acdb-cdba,1ac,1ad
acdb-dcba,1ac,1ab
adcb-cbad,1ac,1ab
adcb-cbda,1ac,1ab
adcb-cdba,1ac,1ab
adcb-dcba,1ac,1ab
bacd-bcda,1ac,1ad
bacd-cbad,1ac,1bc
bacd-cbda,1ac,1ad
bacd-cbda,1ac,1bc
bacd-cdab,1ac,1ad
bacd-cdba,1ac,1ad
bacd-cdba,1ac,1bc
bacd-dcba,1ac,1bc
badc-cbad,1ac,1bc
badc-cbda,1ac,1bc
badc-cdba,1ac,1bc
badc-dcba,1ac,1bc
bcda-abcd,2ac,2ad
bcda-acbd,2ac,2ad
bcda-acdb,2ac,2ad
bcda-bacd,2ac,2ad
bcda-bdac,2ac,2dc
bcda-dabc,2ac,2dc
bcda-dacb,2ac,2dc
bcda-dbac,2ac,2dc
bdac-bcda,1ac,1dc
bdac-cbad,1ac,1bc
bdac-cbda,1ac,1bc
bdac-cbda,1ac,1dc
bdac-cdab,1ac,1dc
bdac-cdba,1ac,1bc
bdac-cdba,1ac,1dc
bdac-dcba,1ac,1bc
cbad-acbd,2ac,2ab
cbad-acdb,2ac,2ab
cbad-adcb,2ac,2ab
cbad-bacd,2ac,2bc
cbad-badc,2ac,2bc
cbad-bdac,2ac,2bc
cbad-dacb,2ac,2ab
cbad-dbac,2ac,2bc
cbda-abcd,2ac,2ad
cbda-acbd,2ac,2ab
cbda-acbd,2ac,2ad
cbda-acdb,2ac,2ab
cbda-acdb,2ac,2ad
cbda-adcb,2ac,2ab
cbda-bacd,2ac,2ad
cbda-bacd,2ac,2bc
cbda-badc,2ac,2bc
cbda-bdac,2ac,2bc
cbda-bdac,2ac,2dc
cbda-dabc,2ac,2dc
cbda-dacb,2ac,2ab
cbda-dacb,2ac,2dc
cbda-dbac,2ac,2bc
cbda-dbac,2ac,2dc
cdab-abcd,2ac,2ad
cdab-acbd,2ac,2ad
cdab-acdb,2ac,2ad
cdab-bacd,2ac,2ad
cdab-bdac,2ac,2dc
cdab-dabc,2ac,2dc
cdab-dacb,2ac,2dc
cdab-dbac,2ac,2dc
cdba-abcd,2ac,2ad
cdba-acbd,2ac,2ab
cdba-acbd,2ac,2ad
cdba-acdb,2ac,2ab
cdba-acdb,2ac,2ad
cdba-adcb,2ac,2ab
cdba-bacd,2ac,2ad
cdba-bacd,2ac,2bc
cdba-badc,2ac,2bc
cdba-bdac,2ac,2bc
cdba-bdac,2ac,2dc
cdba-dabc,2ac,2dc
cdba-dacb,2ac,2ab
cdba-dacb,2ac,2dc
cdba-dbac,2ac,2bc
cdba-dbac,2ac,2dc
dabc-bcda,1ac,1dc
dabc-cbda,1ac,1dc
dabc-cdab,1ac,1dc
dabc-cdba,1ac,1dc
dacb-bcda,1ac,1dc
dacb-cbad,1ac,1ab
dacb-cbda,1ac,1ab
dacb-cbda,1ac,1dc
dacb-cdab,1ac,1dc
dacb-cdba,1ac,1ab
dacb-cdba,1ac,1dc
dacb-dcba,1ac,1ab
dbac-bcda,1ac,1dc
dbac-cbad,1ac,1bc
dbac-cbda,1ac,1bc
dbac-cbda,1ac,1dc
dbac-cdab,1ac,1dc
dbac-cdba,1ac,1bc
dbac-cdba,1ac,1dc
dbac-dcba,1ac,1bc
dcba-acbd,2ac,2ab
dcba-acdb,2ac,2ab
dcba-adcb,2ac,2ab
dcba-bacd,2ac,2bc
dcba-badc,2ac,2bc
dcba-bdac,2ac,2bc
dcba-dacb,2ac,2ab
dcba-dbac,2ac,2bc
abdc-bdca,1ad,1ac
abdc-dbca,1ad,1ac
abdc-dcab,1ad,1ac
abdc-dcba,1ad,1ac
acdb-cdba,1ad,1ab
acdb-dbac,1ad,1ab
acdb-dbca,1ad,1ab
acdb-dcba,1ad,1ab
adbc-bdca,1ad,1ac
adbc-cdba,1ad,1ab
adbc-dbac,1ad,1ab
adbc-dbca,1ad,1ab
adbc-dbca,1ad,1ac
adbc-dcab,1ad,1ac
adbc-dcba,1ad,1ab
adbc-dcba,1ad,1ac
adcb-bdca,1ad,1ac
adcb-cdba,1ad,1ab
adcb-dbac,1ad,1ab
adcb-dbca,1ad,1ab
adcb-dbca,1ad,1ac
adcb-dcab,1ad,1ac
adcb-dcba,1ad,1ab
adcb-dcba,1ad,1ac
bacd-cdba,1ad,1bd
bacd-dbac,1ad,1bd
bacd-dbca,1ad,1bd
bacd-dcba,1ad,1bd
badc-bdca,1ad,1ac
badc-cdba,1ad,1bd
badc-dbac,1ad,1bd
badc-dbca,1ad,1ac
badc-dbca,1ad,1bd
badc-dcab,1ad,1ac
badc-dcba,1ad,1ac
badc-dcba,1ad,1bd
bcad-bdca,1ad,1cd
bcad-cdba,1ad,1bd
bcad-dbac,1ad,1bd
bcad-dbca,1ad,1bd
bcad-dbca,1ad,1cd
bcad-dcab,1ad,1cd
bcad-dcba,1ad,1bd
bcad-dcba,1ad,1cd
bdca-abdc,2ad,2ac
bdca-adbc,2ad,2ac
bdca-adcb,2ad,2ac
bdca-badc,2ad,2ac
bdca-bcad,2ad,2cd
bdca-cabd,2ad,2cd
bdca-cadb,2ad,2cd
bdca-cbad,2ad,2cd
cabd-bdca,1ad,1cd
cabd-dbca,1ad,1cd
cabd-dcab,1ad,1cd
cabd-dcba,1ad,1cd
cadb-bdca,1ad,1cd
cadb-cdba,1ad,1ab
cadb-dbac,1ad,1ab
cadb-dbca,1ad,1ab
cadb-dbca,1ad,1cd
cadb-dcab,1ad,1cd
cadb-dcba,1ad,1ab
cadb-dcba,1ad,1cd
cbad-bdca,1ad,1cd
cbad-cdba,1ad,1bd
cbad-dbac,1ad,1bd
cbad-dbca,1ad,1bd
cbad-dbca,1ad,1cd
cbad-dcab,1ad,1cd
cbad-dcba,1ad,1bd
cbad-dcba,1ad,1cd
cdba-acdb,2ad,2ab
cdba-adbc,2ad,2ab
cdba-adcb,2ad,2ab
cdba-bacd,2ad,2bd
cdba-badc,2ad,2bd
cdba-bcad,2ad,2bd
cdba-cadb,2ad,2ab
cdba-cbad,2ad,2bd
dbac-acdb,2ad,2ab
dbac-adbc,2ad,2ab
dbac-adcb,2ad,2ab
dbac-bacd,2ad,2bd
dbac-badc,2ad,2bd
dbac-bcad,2ad,2bd
dbac-cadb,2ad,2ab
dbac-cbad,2ad,2bd
dbca-abdc,2ad,2ac
dbca-acdb,2ad,2ab
dbca-adbc,2ad,2ab
dbca-adbc,2ad,2ac
dbca-adcb,2ad,2ab
dbca-adcb,2ad,2ac
dbca-bacd,2ad,2bd
dbca-badc,2ad,2ac
dbca-badc,2ad,2bd
dbca-bcad,2ad,2bd
dbca-bcad,2ad,2cd
dbca-cabd,2ad,2cd
dbca-cadb,2ad,2ab
dbca-cadb,2ad,2cd
dbca-cbad,2ad,2bd
dbca-cbad,2ad,2cd
dcab-abdc,2ad,2ac
dcab-adbc,2ad,2ac
dcab-adcb,2ad,2ac
dcab-badc,2ad,2ac
dcab-bcad,2ad,2cd
dcab-cabd,2ad,2cd
dcab-cadb,2ad,2cd
dcab-cbad,2ad,2cd
dcba-abdc,2ad,2ac
dcba-acdb,2ad,2ab
dcba-adbc,2ad,2ab
dcba-adbc,2ad,2ac
dcba-adcb,2ad,2ab
dcba-adcb,2ad,2ac
dcba-bacd,2ad,2bd
dcba-badc,2ad,2ac
dcba-badc,2ad,2bd
dcba-bcad,2ad,2bd
dcba-bcad,2ad,2cd
dcba-cabd,2ad,2cd
dcba-cadb,2ad,2ab
dcba-cadb,2ad,2cd
dcba-cbad,2ad,2bd
dcba-cbad,2ad,2cd
acbd-bacd,2ba,2bc
acbd-badc,2ba,2bc
acbd-bdac,2ba,2bc
acbd-cbad,2ba,2ca
acbd-cbda,2ba,2ca
acbd-cdba,2ba,2ca
acbd-dbac,2ba,2bc
acbd-dcba,2ba,2ca
acdb-bacd,2ba,2bc
acdb-bacd,2ba,2bd
acdb-badc,2ba,2bc
acdb-badc,2ba,2bd
acdb-bcad,2ba,2bd
acdb-bdac,2ba,2bc
acdb-cbad,2ba,2bd
acdb-cbad,2ba,2ca
acdb-cbda,2ba,2ca
acdb-cdba,2ba,2ca
acdb-cdba,2ba,2da
acdb-dbac,2ba,2bc
acdb-dbac,2ba,2da
acdb-dbca,2ba,2da
acdb-dcba,2ba,2ca
acdb-dcba,2ba,2da
adbc-bacd,2ba,2bd
adbc-badc,2ba,2bd
adbc-bcad,2ba,2bd
adbc-cbad,2ba,2bd
adbc-cdba,2ba,2da
adbc-dbac,2ba,2da
adbc-dbca,2ba,2da
adbc-dcba,2ba,2da
adcb-bacd,2ba,2bc
adcb-bacd,2ba,2bd
adcb-badc,2ba,2bc
adcb-badc,2ba,2bd
adcb-bcad,2ba,2bd
adcb-bdac,2ba,2bc
adcb-cbad,2ba,2bd
adcb-cbad,2ba,2ca
adcb-cbda,2ba,2ca
adcb-cdba,2ba,2ca
adcb-cdba,2ba,2da
adcb-dbac,2ba,2bc
adcb-dbac,2ba,2da
adcb-dbca,2ba,2da
adcb-dcba,2ba,2ca
adcb-dcba,2ba,2da
bacd-acbd,1ba,1bc
bacd-acdb,1ba,1bc
bacd-acdb,1ba,1bd
bacd-adbc,1ba,1bd
bacd-adcb,1ba,1bc
bacd-adcb,1ba,1bd
bacd-cadb,1ba,1bd
bacd-dacb,1ba,1bc
badc-acbd,1ba,1bc
badc-acdb,1ba,1bc
badc-acdb,1ba,1bd
badc-adbc,1ba,1bd
badc-adcb,1ba,1bc
badc-adcb,1ba,1bd
badc-cadb,1ba,1bd
badc-dacb,1ba,1bc
bcad-acdb,1ba,1bd
bcad-adbc,1ba,1bd
bcad-adcb,1ba,1bd
bcad-cadb,1ba,1bd
bdac-acbd,1ba,1bc
bdac-acdb,1ba,1bc
bdac-adcb,1ba,1bc
bdac-dacb,1ba,1bc
cadb-bacd,2ba,2bd
cadb-badc,2ba,2bd
cadb-bcad,2ba,2bd
cadb-cbad,2ba,2bd
cadb-cdba,2ba,2da
cadb-dbac,2ba,2da
cadb-dbca,2ba,2da
cadb-dcba,2ba,2da
cbad-acbd,1ba,1ca
cbad-acdb,1ba,1bd
cbad-acdb,1ba,1ca
cbad-adbc,1ba,1bd
cbad-adcb,1ba,1bd
cbad-adcb,1ba,1ca
cbad-cadb,1ba,1bd
cbad-dacb,1ba,1ca
cbda-acbd,1ba,1ca
cbda-acdb,1ba,1ca
cbda-adcb,1ba,1ca
cbda-dacb,1ba,1ca
cdba-acbd,1ba,1ca
cdba-acdb,1ba,1ca
cdba-acdb,1ba,1da
cdba-adbc,1ba,1da
cdba-adcb,1ba,1ca
cdba-adcb,1ba,1da
cdba-cadb,1ba,1da
cdba-dacb,1ba,1ca
dacb-bacd,2ba,2bc
dacb-badc,2ba,2bc
dacb-bdac,2ba,2bc
dacb-cbad,2ba,2ca
dacb-cbda,2ba,2ca
dacb-cdba,2ba,2ca
dacb-dbac,2ba,2bc
dacb-dcba,2ba,2ca
dbac-acbd,1ba,1bc
dbac-acdb,1ba,1bc
dbac-acdb,1ba,1da
dbac-adbc,1ba,1da
dbac-adcb,1ba,1bc
dbac-adcb,1ba,1da
dbac-cadb,1ba,1da
dbac-dacb,1ba,1bc
dbca-acdb,1ba,1da
dbca-adbc,1ba,1da
dbca-adcb,1ba,1da
dbca-cadb,1ba,1da
dcba-acbd,1ba,1ca
dcba-acdb,1ba,1ca
dcba-acdb,1ba,1da
dcba-adbc,1ba,1da
dcba-adcb,1ba,1ca
dcba-adcb,1ba,1da
dcba-cadb,1ba,1da
dcba-dacb,1ba,1ca
abcd-acdb,1bc,1bd
abcd-cabd,1bc,1ac
abcd-cadb,1bc,1ac
abcd-cadb,1bc,1bd
abcd-cdab,1bc,1ac
abcd-cdab,1bc,1bd
abcd-cdba,1bc,1bd
abcd-dcab,1bc,1ac
abdc-cabd,1bc,1ac
abdc-cadb,1bc,1ac
abdc-cdab,1bc,1ac
abdc-dcab,1bc,1ac
acdb-abcd,2bc,2bd
acdb-adbc,2bc,2dc
acdb-bacd,2bc,2bd
acdb-bcad,2bc,2bd
acdb-bcda,2bc,2bd
acdb-dabc,2bc,2dc
acdb-dbac,2bc,2dc
acdb-dbca,2bc,2dc
adbc-acdb,1bc,1dc
adbc-cabd,1bc,1ac
adbc-cadb,1bc,1ac
adbc-cadb,1bc,1dc
adbc-cdab,1bc,1ac
adbc-cdab,1bc,1dc
adbc-cdba,1bc,1dc
adbc-dcab,1bc,1ac
bacd-acdb,1bc,1bd
bacd-cadb,1bc,1bd
bacd-cdab,1bc,1bd
bacd-cdba,1bc,1bd
bcad-acdb,1bc,1bd
bcad-cabd,1bc,1ba
bcad-cadb,1bc,1ba
bcad-cadb,1bc,1bd
bcad-cdab,1bc,1ba
bcad-cdab,1bc,1bd
bcad-cdba,1bc,1bd
bcad-dcab,1bc,1ba
bcda-acdb,1bc,1bd
bcda-cabd,1bc,1ba
bcda-cadb,1bc,1ba
bcda-cadb,1bc,1bd
bcda-cdab,1bc,1ba
bcda-cdab,1bc,1bd
bcda-cdba,1bc,1bd
bcda-dcab,1bc,1ba
bdca-cabd,1bc,1ba
bdca-cadb,1bc,1ba
bdca-cdab,1bc,1ba
bdca-dcab,1bc,1ba
cabd-abcd,2bc,2ac
cabd-abdc,2bc,2ac
cabd-adbc,2bc,2ac
cabd-bcad,2bc,2ba
cabd-bcda,2bc,2ba
cabd-bdca,2bc,2ba
cabd-dabc,2bc,2ac
cabd-dbca,2bc,2ba
cadb-abcd,2bc,2ac
cadb-abcd,2bc,2bd
cadb-abdc,2bc,2ac
cadb-adbc,2bc,2ac
cadb-adbc,2bc,2dc
cadb-bacd,2bc,2bd
cadb-bcad,2bc,2ba
cadb-bcad,2bc,2bd
cadb-bcda,2bc,2ba
cadb-bcda,2bc,2bd
cadb-bdca,2bc,2ba
cadb-dabc,2bc,2ac
cadb-dabc,2bc,2dc
cadb-dbac,2bc,2dc
cadb-dbca,2bc,2ba
cadb-dbca,2bc,2dc
cdab-abcd,2bc,2ac
cdab-abcd,2bc,2bd
cdab-abdc,2bc,2ac
cdab-adbc,2bc,2ac
cdab-adbc,2bc,2dc
cdab-bacd,2bc,2bd
cdab-bcad,2bc,2ba
cdab-bcad,2bc,2bd
cdab-bcda,2bc,2ba
cdab-bcda,2bc,2bd
cdab-bdca,2bc,2ba
cdab-dabc,2bc,2ac
cdab-dabc,2bc,2dc
cdab-dbac,2bc,2dc
cdab-dbca,2bc,2ba
cdab-dbca,2bc,2dc
cdba-abcd,2bc,2bd
cdba-adbc,2bc,2dc
cdba-bacd,2bc,2bd
cdba-bcad,2bc,2bd
cdba-bcda,2bc,2bd
cdba-dabc,2bc,2dc
cdba-dbac,2bc,2dc
cdba-dbca,2bc,2dc
dabc-acdb,1bc,1dc
dabc-cabd,1bc,1ac
dabc-cadb,1bc,1ac
dabc-cadb,1bc,1dc
dabc-cdab,1bc,1ac
dabc-cdab,1bc,1dc
dabc-cdba,1bc,1dc
dabc-dcab,1bc,1ac
dbac-acdb,1bc,1dc
dbac-cadb,1bc,1dc
dbac-cdab,1bc,1dc
dbac-cdba,1bc,1dc
dbca-acdb,1bc,1dc
dbca-cabd,1bc,1ba
dbca-cadb,1bc,1ba
dbca-cadb,1bc,1dc
dbca-cdab,1bc,1ba
dbca-cdab,1bc,1dc
dbca-cdba,1bc,1dc
dbca-dcab,1bc,1ba
dcab-abcd,2bc,2ac
dcab-abdc,2bc,2ac
dcab-adbc,2bc,2ac
dcab-bcad,2bc,2ba
dcab-bcda,2bc,2ba
dcab-bdca,2bc,2ba
dcab-dabc,2bc,2ac
dcab-dbca,2bc,2ba
abcd-cdab,1bd,1ad
abcd-dabc,1bd,1ad
abcd-dacb,1bd,1ad
abcd-dcab,1bd,1ad
abdc-adcb,1bd,1bc
abdc-cdab,1bd,1ad
abdc-dabc,1bd,1ad
abdc-dacb,1bd,1ad
abdc-dacb,1bd,1bc
abdc-dcab,1bd,1ad
abdc-dcab,1bd,1bc
abdc-dcba,1bd,1bc
acbd-adcb,1bd,1cd
acbd-cdab,1bd,1ad
acbd-dabc,1bd,1ad
acbd-dacb,1bd,1ad
acbd-dacb,1bd,1cd
acbd-dcab,1bd,1ad
acbd-dcab,1bd,1cd
acbd-dcba,1bd,1cd
adcb-abdc,2bd,2bc
adcb-acbd,2bd,2cd
adcb-badc,2bd,2bc
adcb-bdac,2bd,2bc
adcb-bdca,2bd,2bc
adcb-cabd,2bd,2cd
adcb-cbad,2bd,2cd
adcb-cbda,2bd,2cd
badc-adcb,1bd,1bc
badc-dacb,1bd,1bc
badc-dcab,1bd,1bc
badc-dcba,1bd,1bc
bcda-cdab,1bd,1ba
bcda-dabc,1bd,1ba
bcda-dacb,1bd,1ba
bcda-dcab,1bd,1ba
bdac-adcb,1bd,1bc
bdac-cdab,1bd,1ba
bdac-dabc,1bd,1ba
bdac-dacb,1bd,1ba
bdac-dacb,1bd,1bc
bdac-dcab,1bd,1ba
bdac-dcab,1bd,1bc
bdac-dcba,1bd,1bc
bdca-adcb,1bd,1bc
bdca-cdab,1bd,1ba
bdca-dabc,1bd,1ba
bdca-dacb,1bd,1ba
bdca-dacb,1bd,1bc
bdca-dcab,1bd,1ba
bdca-dcab,1bd,1bc
bdca-dcba,1bd,1bc
cabd-adcb,1bd,1cd
cabd-cdab,1bd,1ad
cabd-dabc,1bd,1ad
cabd-dacb,1bd,1ad
cabd-dacb,1bd,1cd
cabd-dcab,1bd,1ad
cabd-dcab,1bd,1cd
cabd-dcba,1bd,1cd
cbad-adcb,1bd,1cd
cbad-dacb,1bd,1cd
cbad-dcab,1bd,1cd
cbad-dcba,1bd,1cd
cbda-adcb,1bd,1cd
cbda-cdab,1bd,1ba
cbda-dabc,1bd,1ba
cbda-dacb,1bd,1ba
cbda-dacb,1bd,1cd
cbda-dcab,1bd,1ba
cbda-dcab,1bd,1cd
cbda-dcba,1bd,1cd
cdab-abcd,2bd,2ad
cdab-abdc,2bd,2ad
cdab-acbd,2bd,2ad
cdab-bcda,2bd,2ba
cdab-bdac,2bd,2ba
cdab-bdca,2bd,2ba
cdab-cabd,2bd,2ad
cdab-cbda,2bd,2ba
dabc-abcd,2bd,2ad
dabc-abdc,2bd,2ad
dabc-acbd,2bd,2ad
dabc-bcda,2bd,2ba
dabc-bdac,2bd,2ba
dabc-bdca,2bd,2ba
dabc-cabd,2bd,2ad
dabc-cbda,2bd,2ba
dacb-abcd,2bd,2ad
dacb-abdc,2bd,2ad
dacb-abdc,2bd,2bc
dacb-acbd,2bd,2ad
dacb-acbd,2bd,2cd
dacb-badc,2bd,2bc
dacb-bcda,2bd,2ba
dacb-bdac,2bd,2ba
dacb-bdac,2bd,2bc
dacb-bdca,2bd,2ba
dacb-bdca,2bd,2bc
dacb-cabd,2bd,2ad
dacb-cabd,2bd,2cd
dacb-cbad,2bd,2cd
dacb-cbda,2bd,2ba
dacb-cbda,2bd,2cd
dcab-abcd,2bd,2ad
dcab-abdc,2bd,2ad
dcab-abdc,2bd,2bc
dcab-acbd,2bd,2ad
dcab-acbd,2bd,2cd
dcab-badc,2bd,2bc
dcab-bcda,2bd,2ba
dcab-bdac,2bd,2ba
dcab-bdac,2bd,2bc
dcab-bdca,2bd,2ba
dcab-bdca,2bd,2bc
dcab-cabd,2bd,2ad
dcab-cabd,2bd,2cd
dcab-cbad,2bd,2cd
dcab-cbda,2bd,2ba
dcab-cbda,2bd,2cd
dcba-abdc,2bd,2bc
dcba-acbd,2bd,2cd
dcba-badc,2bd,2bc
dcba-bdac,2bd,2bc
dcba-bdca,2bd,2bc
dcba-cabd,2bd,2cd
dcba-cbad,2bd,2cd
dcba-cbda,2bd,2cd
abcd-bcad,2ca,2ba
abcd-bcda,2ca,2ba
abcd-bdca,2ca,2ba
abcd-cabd,2ca,2cb
abcd-cadb,2ca,2cb
abcd-cdab,2ca,2cb
abcd-dbca,2ca,2ba
abcd-dcab,2ca,2cb
abdc-bcad,2ca,2ba
abdc-bcad,2ca,2cd
abdc-bcda,2ca,2ba
abdc-bdca,2ca,2ba
abdc-bdca,2ca,2da
abdc-cabd,2ca,2cb
abdc-cabd,2ca,2cd
abdc-cadb,2ca,2cb
abdc-cadb,2ca,2cd
abdc-cbad,2ca,2cd
abdc-cdab,2ca,2cb
abdc-dbca,2ca,2ba
abdc-dbca,2ca,2da
abdc-dcab,2ca,2cb
abdc-dcab,2ca,2da
abdc-dcba,2ca,2da
adbc-bcad,2ca,2ba
adbc-bcad,2ca,2cd
adbc-bcda,2ca,2ba
adbc-bdca,2ca,2ba
adbc-bdca,2ca,2da
adbc-cabd,2ca,2cb
adbc-cabd,2ca,2cd
adbc-cadb,2ca,2cb
adbc-cadb,2ca,2cd
adbc-cbad,2ca,2cd
adbc-cdab,2ca,2cb
adbc-dbca,2ca,2ba
adbc-dbca,2ca,2da
adbc-dcab,2ca,2cb
adbc-dcab,2ca,2da
adbc-dcba,2ca,2da
adcb-bcad,2ca,2cd
adcb-bdca,2ca,2da
adcb-cabd,2ca,2cd
adcb-cadb,2ca,2cd
adcb-cbad,2ca,2cd
adcb-dbca,2ca,2da
adcb-dcab,2ca,2da
adcb-dcba,2ca,2da
badc-bcad,2ca,2cd
badc-bdca,2ca,2da
badc-cabd,2ca,2cd
badc-cadb,2ca,2cd
badc-cbad,2ca,2cd
badc-dbca,2ca,2da
badc-dcab,2ca,2da
badc-dcba,2ca,2da
bcad-abcd,1ca,1ba
bcad-abdc,1ca,1ba
bcad-abdc,1ca,1cd
bcad-adbc,1ca,1ba
bcad-adbc,1ca,1cd
bcad-adcb,1ca,1cd
bcad-badc,1ca,1cd
bcad-dabc,1ca,1ba
bcda-abcd,1ca,1ba
bcda-abdc,1ca,1ba
bcda-adbc,1ca,1ba
bcda-dabc,1ca,1ba
bdca-abcd,1ca,1ba
bdca-abdc,1ca,1ba
bdca-abdc,1ca,1da
bdca-adbc,1ca,1ba
bdca-adbc,1ca,1da
bdca-adcb,1ca,1da
bdca-badc,1ca,1da
bdca-dabc,1ca,1ba
cabd-abcd,1ca,1cb
cabd-abdc,1ca,1cb
cabd-abdc,1ca,1cd
cabd-adbc,1ca,1cb
cabd-adbc,1ca,1cd
cabd-adcb,1ca,1cd
cabd-badc,1ca,1cd
cabd-dabc,1ca,1cb
cadb-abcd,1ca,1cb
cadb-abdc,1ca,1cb
cadb-abdc,1ca,1cd
cadb-adbc,1ca,1cb
cadb-adbc,1ca,1cd
cadb-adcb,1ca,1cd
cadb-badc,1ca,1cd
cadb-dabc,1ca,1cb
cbad-abdc,1ca,1cd
cbad-adbc,1ca,1cd
cbad-adcb,1ca,1cd
cbad-badc,1ca,1cd
cdab-abcd,1ca,1cb
cdab-abdc,1ca,1cb
cdab-adbc,1ca,1cb
cdab-dabc,1ca,1cb
dabc-bcad,2ca,2ba
dabc-bcda,2ca,2ba
dabc-bdca,2ca,2ba
dabc-cabd,2ca,2cb
dabc-cadb,2ca,2cb
dabc-cdab,2ca,2cb
dabc-dbca,2ca,2ba
dabc-dcab,2ca,2cb
dbca-abcd,1ca,1ba
dbca-abdc,1ca,1ba
dbca-abdc,1ca,1da
dbca-adbc,1ca,1ba
dbca-adbc,1ca,1da
dbca-adcb,1ca,1da
dbca-badc,1ca,1da
dbca-dabc,1ca,1ba
dcab-abcd,1ca,1cb
dcab-abdc,1ca,1cb
dcab-abdc,1ca,1da
dcab-adbc,1ca,1cb
dcab-adbc,1ca,1da
dcab-adcb,1ca,1da
dcab-badc,1ca,1da
dcab-dabc,1ca,1cb
dcba-abdc,1ca,1da
dcba-adbc,1ca,1da
dcba-adcb,1ca,1da
dcba-badc,1ca,1da
abdc-acbd,2cb,2cd
abdc-adcb,2cb,2db
abdc-cabd,2cb,2cd
abdc-cbad,2cb,2cd
abdc-cbda,2cb,2cd
abdc-dacb,2cb,2db
abdc-dcab,2cb,2db
abdc-dcba,2cb,2db
acbd-abdc,1cb,1cd
acbd-bacd,1cb,1ab
acbd-badc,1cb,1ab
acbd-badc,1cb,1cd
acbd-bdac,1cb,1ab
acbd-bdac,1cb,1cd
acbd-bdca,1cb,1cd
acbd-dbac,1cb,1ab
acdb-bacd,1cb,1ab
acdb-badc,1cb,1ab
acdb-bdac,1cb,1ab
acdb-dbac,1cb,1ab
adcb-abdc,1cb,1db
adcb-bacd,1cb,1ab
adcb-badc,1cb,1ab
adcb-badc,1cb,1db
adcb-bdac,1cb,1ab
adcb-bdac,1cb,1db
adcb-bdca,1cb,1db
adcb-dbac,1cb,1ab
bacd-acbd,2cb,2ab
bacd-acdb,2cb,2ab
bacd-adcb,2cb,2ab
bacd-cbad,2cb,2ca
bacd-cbda,2cb,2ca
bacd-cdba,2cb,2ca
bacd-dacb,2cb,2ab
bacd-dcba,2cb,2ca
badc-acbd,2cb,2ab
badc-acbd,2cb,2cd
badc-acdb,2cb,2ab
badc-adcb,2cb,2ab
badc-adcb,2cb,2db
badc-cabd,2cb,2cd
badc-cbad,2cb,2ca
badc-cbad,2cb,2cd
badc-cbda,2cb,2ca
badc-cbda,2cb,2cd
badc-cdba,2cb,2ca
badc-dacb,2cb,2ab
badc-dacb,2cb,2db
badc-dcab,2cb,2db
badc-dcba,2cb,2ca
badc-dcba,2cb,2db
bdac-acbd,2cb,2ab
bdac-acbd,2cb,2cd
bdac-acdb,2cb,2ab
bdac-adcb,2cb,2ab
bdac-adcb,2cb,2db
bdac-cabd,2cb,2cd
bdac-cbad,2cb,2ca
bdac-cbad,2cb,2cd
bdac-cbda,2cb,2ca
bdac-cbda,2cb,2cd
bdac-cdba,2cb,2ca
bdac-dacb,2cb,2ab
bdac-dacb,2cb,2db
bdac-dcab,2cb,2db
bdac-dcba,2cb,2ca
bdac-dcba,2cb,2db
bdca-acbd,2cb,2cd
bdca-adcb,2cb,2db
bdca-cabd,2cb,2cd
bdca-cbad,2cb,2cd
bdca-cbda,2cb,2cd
bdca-dacb,2cb,2db
bdca-dcab,2cb,2db
bdca-dcba,2cb,2db
cabd-abdc,1cb,1cd
cabd-badc,1cb,1cd
cabd-bdac,1cb,1cd
cabd-bdca,1cb,1cd
cbad-abdc,1cb,1cd
cbad-bacd,1cb,1ca
cbad-badc,1cb,1ca
cbad-badc,1cb,1cd
cbad-bdac,1cb,1ca
cbad-bdac,1cb,1cd
cbad-bdca,1cb,1cd
cbad-dbac,1cb,1ca
cbda-abdc,1cb,1cd
cbda-bacd,1cb,1ca
cbda-badc,1cb,1ca
cbda-badc,1cb,1cd
cbda-bdac,1cb,1ca
cbda-bdac,1cb,1cd
cbda-bdca,1cb,1cd
cbda-dbac,1cb,1ca
cdba-bacd,1cb,1ca
cdba-badc,1cb,1ca
cdba-bdac,1cb,1ca
cdba-dbac,1cb,1ca
dacb-abdc,1cb,1db
dacb-bacd,1cb,1ab
dacb-badc,1cb,1ab
dacb-badc,1cb,1db
dacb-bdac,1cb,1ab
dacb-bdac,1cb,1db
dacb-bdca,1cb,1db
dacb-dbac,1cb,1ab
dbac-acbd,2cb,2ab
dbac-acdb,2cb,2ab
dbac-adcb,2cb,2ab
dbac-cbad,2cb,2ca
dbac-cbda,2cb,2ca
dbac-cdba,2cb,2ca
dbac-dacb,2cb,2ab
dbac-dcba,2cb,2ca
dcab-abdc,1cb,1db
dcab-badc,1cb,1db
dcab-bdac,1cb,1db
dcab-bdca,1cb,1db
dcba-abdc,1cb,1db
dcba-bacd,1cb,1ca
dcba-badc,1cb,1ca
dcba-badc,1cb,1db
dcba-bdac,1cb,1ca
dcba-bdac,1cb,1db
dcba-bdca,1cb,1db
dcba-dbac,1cb,1ca
abcd-adbc,1cd,1bd
abcd-bdac,1cd,1ad
abcd-dabc,1cd,1ad
abcd-dabc,1cd,1bd
abcd-dacb,1cd,1ad
abcd-dbac,1cd,1ad
abcd-dbac,1cd,1bd
abcd-dbca,1cd,1bd
acbd-bdac,1cd,1ad
acbd-dabc,1cd,1ad
acbd-dacb,1cd,1ad
acbd-dbac,1cd,1ad
acdb-adbc,1cd,1cb
acdb-bdac,1cd,1ad
acdb-dabc,1cd,1ad
acdb-dabc,1cd,1cb
acdb-dacb,1cd,1ad
acdb-dbac,1cd,1ad
acdb-dbac,1cd,1cb
acdb-dbca,1cd,1cb
adbc-abcd,2cd,2bd
adbc-acdb,2cd,2cb
adbc-bacd,2cd,2bd
adbc-bcad,2cd,2bd
adbc-bcda,2cd,2bd
adbc-cadb,2cd,2cb
adbc-cdab,2cd,2cb
adbc-cdba,2cd,2cb
bacd-adbc,1cd,1bd
bacd-bdac,1cd,1ad
bacd-dabc,1cd,1ad
bacd-dabc,1cd,1bd
bacd-dacb,1cd,1ad
bacd-dbac,1cd,1ad
bacd-dbac,1cd,1bd
bacd-dbca,1cd,1bd
bcad-adbc,1cd,1bd
bcad-dabc,1cd,1bd
bcad-dbac,1cd,1bd
bcad-dbca,1cd,1bd
bcda-adbc,1cd,1bd
bcda-bdac,1cd,1ca
bcda-dabc,1cd,1bd
bcda-dabc,1cd,1ca
bcda-dacb,1cd,1ca
bcda-dbac,1cd,1bd
bcda-dbac,1cd,1ca
bcda-dbca,1cd,1bd
bdac-abcd,2cd,2ad
bdac-acbd,2cd,2ad
bdac-acdb,2cd,2ad
bdac-bacd,2cd,2ad
bdac-bcda,2cd,2ca
bdac-cbda,2cd,2ca
bdac-cdab,2cd,2ca
bdac-cdba,2cd,2ca
cadb-adbc,1cd,1cb
cadb-dabc,1cd,1cb
cadb-dbac,1cd,1cb
cadb-dbca,1cd,1cb
cbda-bdac,1cd,1ca
cbda-dabc,1cd,1ca
cbda-dacb,1cd,1ca
cbda-dbac,1cd,1ca
cdab-adbc,1cd,1cb
cdab-bdac,1cd,1ca
cdab-dabc,1cd,1ca
cdab-dabc,1cd,1cb
cdab-dacb,1cd,1ca
cdab-dbac,1cd,1ca
cdab-dbac,1cd,1cb
cdab-dbca,1cd,1cb
cdba-adbc,1cd,1cb
cdba-bdac,1cd,1ca
cdba-dabc,1cd,1ca
cdba-dabc,1cd,1cb
cdba-dacb,1cd,1ca
cdba-dbac,1cd,1ca
cdba-dbac,1cd,1cb
cdba-dbca,1cd,1cb
dabc-abcd,2cd,2ad
dabc-abcd,2cd,2bd
dabc-acbd,2cd,2ad
dabc-acdb,2cd,2ad
dabc-acdb,2cd,2cb
dabc-bacd,2cd,2ad
dabc-bacd,2cd,2bd
dabc-bcad,2cd,2bd
dabc-bcda,2cd,2bd
dabc-bcda,2cd,2ca
dabc-cadb,2cd,2cb
dabc-cbda,2cd,2ca
dabc-cdab,2cd,2ca
dabc-cdab,2cd,2cb
dabc-cdba,2cd,2ca
dabc-cdba,2cd,2cb
dacb-abcd,2cd,2ad
dacb-acbd,2cd,2ad
dacb-acdb,2cd,2ad
dacb-bacd,2cd,2ad
dacb-bcda,2cd,2ca
dacb-cbda,2cd,2ca
dacb-cdab,2cd,2ca
dacb-cdba,2cd,2ca
dbac-abcd,2cd,2ad
dbac-abcd,2cd,2bd
dbac-acbd,2cd,2ad
dbac-acdb,2cd,2ad
dbac-acdb,2cd,2cb
dbac-bacd,2cd,2ad
dbac-bacd,2cd,2bd
dbac-bcad,2cd,2bd
dbac-bcda,2cd,2bd
dbac-bcda,2cd,2ca
dbac-cadb,2cd,2cb
dbac-cbda,2cd,2ca
dbac-cdab,2cd,2ca
dbac-cdab,2cd,2cb
dbac-cdba,2cd,2ca
dbac-cdba,2cd,2cb
dbca-abcd,2cd,2bd
dbca-acdb,2cd,2cb
dbca-bacd,2cd,2bd
dbca-bcad,2cd,2bd
dbca-bcda,2cd,2bd
dbca-cadb,2cd,2cb
dbca-cdab,2cd,2cb
dbca-cdba,2cd,2cb
abcd-bcda,2da,2ba
abcd-bcda,2da,2ca
abcd-bdac,2da,2ba
abcd-bdac,2da,2dc
abcd-bdca,2da,2ba
abcd-cbda,2da,2ba
abcd-cbda,2da,2ca
abcd-cdab,2da,2ca
abcd-cdab,2da,2db
abcd-cdba,2da,2ca
abcd-dabc,2da,2db
abcd-dabc,2da,2dc
abcd-dacb,2da,2db
abcd-dacb,2da,2dc
abcd-dbac,2da,2dc
abcd-dcab,2da,2db
abdc-bcda,2da,2ba
abdc-bdac,2da,2ba
abdc-bdca,2da,2ba
abdc-cbda,2da,2ba
abdc-cdab,2da,2db
abdc-dabc,2da,2db
abdc-dacb,2da,2db
abdc-dcab,2da,2db
acbd-bcda,2da,2ba
acbd-bcda,2da,2ca
acbd-bdac,2da,2ba
acbd-bdac,2da,2dc
acbd-bdca,2da,2ba
acbd-cbda,2da,2ba
acbd-cbda,2da,2ca
acbd-cdab,2da,2ca
acbd-cdab,2da,2db
acbd-cdba,2da,2ca
acbd-dabc,2da,2db
acbd-dabc,2da,2dc
acbd-dacb,2da,2db
acbd-dacb,2da,2dc
acbd-dbac,2da,2dc
acbd-dcab,2da,2db
acdb-bcda,2da,2ca
acdb-bdac,2da,2dc
acdb-cbda,2da,2ca
acdb-cdab,2da,2ca
acdb-cdba,2da,2ca
acdb-dabc,2da,2dc
acdb-dacb,2da,2dc
acdb-dbac,2da,2dc
bacd-bcda,2da,2ca
bacd-bdac,2da,2dc
bacd-cbda,2da,2ca
bacd-cdab,2da,2ca
bacd-cdba,2da,2ca
bacd-dabc,2da,2dc
bacd-dacb,2da,2dc
bacd-dbac,2da,2dc
bcda-abcd,1da,1ba
bcda-abcd,1da,1ca
bcda-abdc,1da,1ba
bcda-acbd,1da,1ba
bcda-acbd,1da,1ca
bcda-acdb,1da,1ca
bcda-bacd,1da,1ca
bcda-cabd,1da,1ba
bdac-abcd,1da,1ba
bdac-abcd,1da,1dc
bdac-abdc,1da,1ba
bdac-acbd,1da,1ba
bdac-acbd,1da,1dc
bdac-acdb,1da,1dc
bdac-bacd,1da,1dc
bdac-cabd,1da,1ba
bdca-abcd,1da,1ba
bdca-abdc,1da,1ba
bdca-acbd,1da,1ba
bdca-cabd,1da,1ba
cabd-bcda,2da,2ba
cabd-bdac,2da,2ba
cabd-bdca,2da,2ba
cabd-cbda,2da,2ba
cabd-cdab,2da,2db
cabd-dabc,2da,2db
cabd-dacb,2da,2db
cabd-dcab,2da,2db
cbda-abcd,1da,1ba
cbda-abcd,1da,1ca
cbda-abdc,1da,1ba
cbda-acbd,1da,1ba
cbda-acbd,1da,1ca
cbda-acdb,1da,1ca
cbda-bacd,1da,1ca
cbda-cabd,1da,1ba
cdab-abcd,1da,1ca
cdab-abcd,1da,1db
cdab-abdc,1da,1db
cdab-acbd,1da,1ca
cdab-acbd,1da,1db
cdab-acdb,1da,1ca
cdab-bacd,1da,1ca
cdab-cabd,1da,1db
cdba-abcd,1da,1ca
cdba-acbd,1da,1ca
cdba-acdb,1da,1ca
cdba-bacd,1da,1ca
dabc-abcd,1da,1db
dabc-abcd,1da,1dc
dabc-abdc,1da,1db
dabc-acbd,1da,1db
dabc-acbd,1da,1dc
dabc-acdb,1da,1dc
dabc-bacd,1da,1dc
dabc-cabd,1da,1db
dacb-abcd,1da,1db
dacb-abcd,1da,1dc
dacb-abdc,1da,1db
dacb-acbd,1da,1db
dacb-acbd,1da,1dc
dacb-acdb,1da,1dc
dacb-bacd,1da,1dc
dacb-cabd,1da,1db
dbac-abcd,1da,1dc
dbac-acbd,1da,1dc
dbac-acdb,1da,1dc
dbac-bacd,1da,1dc
dcab-abcd,1da,1db
dcab-abdc,1da,1db
dcab-acbd,1da,1db
dcab-cabd,1da,1db
abcd-acdb,2db,2cb
abcd-adbc,2db,2dc
abcd-cadb,2db,2cb
abcd-cdab,2db,2cb
abcd-cdba,2db,2cb
abcd-dabc,2db,2dc
abcd-dbac,2db,2dc
abcd-dbca,2db,2dc
acdb-abcd,1db,1cb
acdb-bacd,1db,1ab
acdb-bacd,1db,1cb
acdb-badc,1db,1ab
acdb-bcad,1db,1ab
acdb-bcad,1db,1cb
acdb-bcda,1db,1cb
acdb-cbad,1db,1ab
adbc-abcd,1db,1dc
adbc-bacd,1db,1ab
adbc-bacd,1db,1dc
adbc-badc,1db,1ab
adbc-bcad,1db,1ab
adbc-bcad,1db,1dc
adbc-bcda,1db,1dc
adbc-cbad,1db,1ab
adcb-bacd,1db,1ab
adcb-badc,1db,1ab
adcb-bcad,1db,1ab
adcb-cbad,1db,1ab
bacd-acdb,2db,2ab
bacd-acdb,2db,2cb
bacd-adbc,2db,2ab
bacd-adbc,2db,2dc
bacd-adcb,2db,2ab
bacd-cadb,2db,2ab
bacd-cadb,2db,2cb
bacd-cdab,2db,2cb
bacd-cdba,2db,2cb
bacd-cdba,2db,2da
bacd-dabc,2db,2dc
bacd-dbac,2db,2da
bacd-dbac,2db,2dc
bacd-dbca,2db,2da
bacd-dbca,2db,2dc
bacd-dcba,2db,2da
badc-acdb,2db,2ab
badc-adbc,2db,2ab
badc-adcb,2db,2ab
badc-cadb,2db,2ab
badc-cdba,2db,2da
badc-dbac,2db,2da
badc-dbca,2db,2da
badc-dcba,2db,2da
bcad-acdb,2db,2ab
bcad-acdb,2db,2cb
bcad-adbc,2db,2ab
bcad-adbc,2db,2dc
bcad-adcb,2db,2ab
bcad-cadb,2db,2ab
bcad-cadb,2db,2cb
bcad-cdab,2db,2cb
bcad-cdba,2db,2cb
bcad-cdba,2db,2da
bcad-dabc,2db,2dc
bcad-dbac,2db,2da
bcad-dbac,2db,2dc
bcad-dbca,2db,2da
bcad-dbca,2db,2dc
bcad-dcba,2db,2da
bcda-acdb,2db,2cb
bcda-adbc,2db,2dc
bcda-cadb,2db,2cb
bcda-cdab,2db,2cb
bcda-cdba,2db,2cb
bcda-dabc,2db,2dc
bcda-dbac,2db,2dc
bcda-dbca,2db,2dc
cadb-abcd,1db,1cb
cadb-bacd,1db,1ab
cadb-bacd,1db,1cb
cadb-badc,1db,1ab
cadb-bcad,1db,1ab
cadb-bcad,1db,1cb
cadb-bcda,1db,1cb
cadb-cbad,1db,1ab
cbad-acdb,2db,2ab
cbad-adbc,2db,2ab
cbad-adcb,2db,2ab
cbad-cadb,2db,2ab
cbad-cdba,2db,2da
cbad-dbac,2db,2da
cbad-dbca,2db,2da
cbad-dcba,2db,2da
cdab-abcd,1db,1cb
cdab-bacd,1db,1cb
cdab-bcad,1db,1cb
cdab-bcda,1db,1cb
cdba-abcd,1db,1cb
cdba-bacd,1db,1cb
cdba-bacd,1db,1da
cdba-badc,1db,1da
cdba-bcad,1db,1cb
cdba-bcad,1db,1da
cdba-bcda,1db,1cb
cdba-cbad,1db,1da
dabc-abcd,1db,1dc
dabc-bacd,1db,1dc
dabc-bcad,1db,1dc
dabc-bcda,1db,1dc
dbac-abcd,1db,1dc
dbac-bacd,1db,1da
dbac-bacd,1db,1dc
dbac-badc,1db,1da
dbac-bcad,1db,1da
dbac-bcad,1db,1dc
dbac-bcda,1db,1dc
dbac-cbad,1db,1da
dbca-abcd,1db,1dc
dbca-bacd,1db,1da
dbca-bacd,1db,1dc
dbca-badc,1db,1da
dbca-bcad,1db,1da
dbca-bcad,1db,1dc
dbca-bcda,1db,1dc
dbca-cbad,1db,1da
dcba-bacd,1db,1da
dcba-badc,1db,1da
dcba-bcad,1db,1da
dcba-cbad,1db,1da
abdc-acbd,1dc,1bc
abdc-bcad,1dc,1ac
abdc-cabd,1dc,1ac
abdc-cabd,1dc,1bc
abdc-cadb,1dc,1ac
abdc-cbad,1dc,1ac
abdc-cbad,1dc,1bc
abdc-cbda,1dc,1bc
acbd-abdc,2dc,2bc
acbd-adcb,2dc,2db
acbd-badc,2dc,2bc
acbd-bdac,2dc,2bc
acbd-bdca,2dc,2bc
acbd-dacb,2dc,2db
acbd-dcab,2dc,2db
acbd-dcba,2dc,2db
adbc-bcad,1dc,1ac
adbc-cabd,1dc,1ac
adbc-cadb,1dc,1ac
adbc-cbad,1dc,1ac
adcb-acbd,1dc,1db
adcb-bcad,1dc,1ac
adcb-cabd,1dc,1ac
adcb-cabd,1dc,1db
adcb-cadb,1dc,1ac
adcb-cbad,1dc,1ac
adcb-cbad,1dc,1db
adcb-cbda,1dc,1db
badc-acbd,1dc,1bc
badc-bcad,1dc,1ac
badc-cabd,1dc,1ac
badc-cabd,1dc,1bc
badc-cadb,1dc,1ac
badc-cbad,1dc,1ac
badc-cbad,1dc,1bc
badc-cbda,1dc,1bc
bcad-abdc,2dc,2ac
bcad-adbc,2dc,2ac
bcad-adcb,2dc,2ac
bcad-badc,2dc,2ac
bcad-bdca,2dc,2da
bcad-dbca,2dc,2da
bcad-dcab,2dc,2da
bcad-dcba,2dc,2da
bdac-acbd,1dc,1bc
bdac-cabd,1dc,1bc
bdac-cbad,1dc,1bc
bdac-cbda,1dc,1bc
bdca-acbd,1dc,1bc
bdca-bcad,1dc,1da
bdca-cabd,1dc,1bc
bdca-cabd,1dc,1da
bdca-cadb,1dc,1da
bdca-cbad,1dc,1bc
bdca-cbad,1dc,1da
bdca-cbda,1dc,1bc
cabd-abdc,2dc,2ac
cabd-abdc,2dc,2bc
cabd-adbc,2dc,2ac
cabd-adcb,2dc,2ac
cabd-adcb,2dc,2db
cabd-badc,2dc,2ac
cabd-badc,2dc,2bc
cabd-bdac,2dc,2bc
cabd-bdca,2dc,2bc
cabd-bdca,2dc,2da
cabd-dacb,2dc,2db
cabd-dbca,2dc,2da
cabd-dcab,2dc,2da
cabd-dcab,2dc,2db
cabd-dcba,2dc,2da
cabd-dcba,2dc,2db
cadb-abdc,2dc,2ac
cadb-adbc,2dc,2ac
cadb-adcb,2dc,2ac
cadb-badc,2dc,2ac
cadb-bdca,2dc,2da
cadb-dbca,2dc,2da
cadb-dcab,2dc,2da
cadb-dcba,2dc,2da
cbad-abdc,2dc,2ac
cbad-abdc,2dc,2bc
cbad-adbc,2dc,2ac
cbad-adcb,2dc,2ac
cbad-adcb,2dc,2db
cbad-badc,2dc,2ac
cbad-badc,2dc,2bc
cbad-bdac,2dc,2bc
cbad-bdca,2dc,2bc
cbad-bdca,2dc,2da
cbad-dacb,2dc,2db
cbad-dbca,2dc,2da
cbad-dcab,2dc,2da
cbad-dcab,2dc,2db
cbad-dcba,2dc,2da
cbad-dcba,2dc,2db
cbda-abdc,2dc,2bc
cbda-adcb,2dc,2db
cbda-badc,2dc,2bc
cbda-bdac,2dc,2bc
cbda-bdca,2dc,2bc
cbda-dacb,2dc,2db
cbda-dcab,2dc,2db
cbda-dcba,2dc,2db
dacb-acbd,1dc,1db
dacb-cabd,1dc,1db
dacb-cbad,1dc,1db
dacb-cbda,1dc,1db
dbca-bcad,1dc,1da
dbca-cabd,1dc,1da
dbca-cadb,1dc,1da
dbca-cbad,1dc,1da
dcab-acbd,1dc,1db
dcab-bcad,1dc,1da
dcab-cabd,1dc,1da
dcab-cabd,1dc,1db
dcab-cadb,1dc,1da
dcab-cbad,1dc,1da
dcab-cbad,1dc,1db
dcab-cbda,1dc,1db
dcba-acbd,1dc,1db
dcba-bcad,1dc,1da
dcba-cabd,1dc,1da
dcba-cabd,1dc,1db
dcba-cadb,1dc,1da
dcba-cbad,1dc,1da
dcba-cbad,1dc,1db
dcba-cbda,1dc,1db